number,distillery_name
1,8 Doors Distillery
2,Aberargie Distillery
3,Aberfeldy Distillery
4,Aberlour Distillery
5,Ailsa Bay Distillery
6,Allt a’ Bhainne Distillery
7,Annandale Distillery
8,Arbikie Distillery
9,Ardbeg Distillery
10,Ardgowan Distillery
11,Ardmore Distillery
12,Ardnahoe Distillery
13,Ardnamurchan Distillery
14,Ardross Distillery
15,Auchentoshan Distillery
16,Auchroisk Distillery
17,Aultmore Distillery
18,Balblair Distillery
19,Ballindalloch Distillery
20,Balmenach Distillery
21,Balmaud Distillery
22,"Balvenie, The Distillery"
23,Ben Nevis Distillery
24,Benbecula Distillery
25,BenRiach Distillery
26,Benrinnes Distillery
27,Benromach Distillery
28,Bladnoch Distillery
29,Blair Athol Distillery
30,Bonnington Distillery
31,Borders Distillery
32,Bowmore Distillery
33,Braeval Distillery
34,BrewDog Distilling Co Distillery
35,Brora Distillery
36,Bruichladdich Distillery
37,Bunnahabhain Distillery
38,Burn o’Bennie Distillery
39,"Cairn Distillery, The Distillery"
40,Cameronbridge Distillery
41,Caol Ila Distillery
42,Cardhu Distillery
43,Clydeside Distillery
44,Clynelish Distillery
45,Crafty Distillery
46,Cragganmore Distillery
47,Craigellachie Distillery
48,Daftmill Distillery
49,Dailuaine Distillery
50,Dalmore Distillery
51,Dalmunach Distillery
52,Dalwhinnie Distillery
53,Deanston Distillery
54,Dornoch Distillery
55,Dufftown Distillery
56,Dunphail Distillery
57,Eden Mill Distillery
58,Edradour Distillery
59,Falkirk Distillery
60,Fettercairn Distillery
61,Girvan Distillery
62,Glasgow Distillery
63,Glen Elgin Distillery
64,Glen Garioch Distillery
65,Glen Grant Distillery
66,Glen Keith Distillery
67,Glen Moray Distillery
68,Glen Ord Distillery
69,Glen Scotia Distillery
70,Glen Spey Distillery
71,GlenAllachie Distillery
72,Glenburgie Distillery
73,Glencadam Distillery
74,"Glendronach, The Distillery"
75,Glendullan Distillery
76,Glenfarclas Distillery
77,Glenfiddich Distillery
78,Glenglassaugh Distillery
79,Glengoyne Distillery
80,Glengyle Distillery
81,Glenkinchie Distillery
82,"Glenlivet, The Distillery"
83,Glenlossie Distillery
84,Glenmorangie Distillery
85,Glenrothes Distillery
86,Glentauchers Distillery
87,"Glenturret, The Distillery"
88,GlenWyvis Distillery
89,Highland Park Distillery
90,Holyrood Distillery
91,InchDairnie Distillery
92,Inchgower Distillery
93,Invergordon Distillery
94,Isle of Harris Distillery
95,Isle of Jura Distillery
96,Isle of Raasay Distillery
97,Isle of Tiree Distillery
98,Jackton Distillery
99,Kilchoman Distillery
100,Kingsbarns Distillery
101,Kininvie Distillery
102,Knockando Distillery
103,Knockdhu Distillery
104,Lagavulin Distillery
105,Lagg Distillery
106,Laphroaig Distillery
107,Lindores Abbey Distillery
108,Linkwood Distillery
109,Loch Lomond Grain Distillery
110,Loch Lomond Malt Distillery
111,Lochlea Distillery
112,Lochranza Distillery
113,Longmorn Distillery
114,"Macallan, The Distillery"
115,Macduff Distillery
116,Mannochmore Distillery
117,Miltonduff Distillery
118,Mortlach Distillery
119,Ncn'ean Distillery
120,North British Distillery
121,North Point Distillery
122,Oban Distillery
123,Orkney Distillery
124,Port Ellen Distillery
125,Port of Leith Distillery
126,Pulteney Distillery
127,Reivers Distillery
128,Rosebank Distillery
129,Roseisle Distillery
130,Royal Brackla Distillery
131,Royal Lochnagar Distillery
132,Scapa Distillery
133,Speyburn Distillery
134,Springbank Distillery
135,Starlaw Distillery
136,Stirling Distillery
137,Strathclyde Distillery
138,Strathearn Distillery
139,Strathisla Distillery
140,Strathmill Distillery
141,Talisker Distillery
142,Tamdhu Distillery
143,Tamnavulin Distillery
144,Teaninich Distillery
145,Tobermory Distillery
146,Tomatin Distillery
147,Tomintoul Distillery
148,Torabhaig Distillery
149,Tormore Distillery
150,Tullibardine Distillery
151,Uile-bheist Distillery
152,Wolfburn Distillery
